{
    "name": "root",
    "gauges": {
        "Walker.Policy.Entropy.mean": {
            "value": 0.7532710433006287,
            "min": 0.4216567575931549,
            "max": 0.7534586191177368,
            "count": 588
        },
        "Walker.Policy.Entropy.sum": {
            "value": 22706.6015625,
            "min": 12548.072265625,
            "max": 22706.6015625,
            "count": 588
        },
        "Walker.Environment.EpisodeLength.mean": {
            "value": 130.19650655021834,
            "min": 119.88709677419355,
            "max": 138.38888888888889,
            "count": 588
        },
        "Walker.Environment.EpisodeLength.sum": {
            "value": 29815.0,
            "min": 29625.0,
            "max": 29911.0,
            "count": 588
        },
        "Walker.Step.mean": {
            "value": 47639973.0,
            "min": 30029964.0,
            "max": 47639973.0,
            "count": 588
        },
        "Walker.Step.sum": {
            "value": 47639973.0,
            "min": 30029964.0,
            "max": 47639973.0,
            "count": 588
        },
        "Walker.Policy.ExtrinsicValueEstimate.mean": {
            "value": 11.094148635864258,
            "min": 6.311087608337402,
            "max": 11.094148635864258,
            "count": 588
        },
        "Walker.Policy.ExtrinsicValueEstimate.sum": {
            "value": 2540.56005859375,
            "min": 1502.740966796875,
            "max": 2587.5625,
            "count": 588
        },
        "Walker.Environment.CumulativeReward.mean": {
            "value": 23.614003344394234,
            "min": 13.252591158834196,
            "max": 24.236826691510423,
            "count": 588
        },
        "Walker.Environment.CumulativeReward.sum": {
            "value": 5407.60676586628,
            "min": 3260.6454503536224,
            "max": 5464.772891521454,
            "count": 588
        },
        "Walker.Policy.ExtrinsicReward.mean": {
            "value": 23.614003344394234,
            "min": 13.252591158834196,
            "max": 24.236826691510423,
            "count": 588
        },
        "Walker.Policy.ExtrinsicReward.sum": {
            "value": 5407.60676586628,
            "min": 3260.6454503536224,
            "max": 5464.772891521454,
            "count": 588
        },
        "Walker.Losses.PolicyLoss.mean": {
            "value": 0.019581660291684483,
            "min": 0.011540546515334427,
            "max": 0.02458981628684948,
            "count": 588
        },
        "Walker.Losses.PolicyLoss.sum": {
            "value": 0.039163320583368966,
            "min": 0.011540546515334427,
            "max": 0.04331347807359028,
            "count": 588
        },
        "Walker.Losses.ValueLoss.mean": {
            "value": 0.5607219974199931,
            "min": 0.2851448078950246,
            "max": 1.7640391985575359,
            "count": 588
        },
        "Walker.Losses.ValueLoss.sum": {
            "value": 1.1214439948399861,
            "min": 0.2851448078950246,
            "max": 2.5795520822207134,
            "count": 588
        },
        "Walker.Policy.LearningRate.mean": {
            "value": 0.0002523797003734385,
            "min": 0.0002523797003734385,
            "max": 0.0002699793300068933,
            "count": 588
        },
        "Walker.Policy.LearningRate.sum": {
            "value": 0.000504759400746877,
            "min": 0.00025241050686316955,
            "max": 0.0005398559360480282,
            "count": 588
        },
        "Walker.Policy.Epsilon.mean": {
            "value": 0.18412656149999998,
            "min": 0.18412656149999998,
            "max": 0.18999310666666674,
            "count": 588
        },
        "Walker.Policy.Epsilon.sum": {
            "value": 0.36825312299999996,
            "min": 0.18413683033333333,
            "max": 0.37995197200000014,
            "count": 588
        },
        "Walker.Policy.Beta.mean": {
            "value": 0.004207915418849999,
            "min": 0.004207915418849999,
            "max": 0.004500656022666667,
            "count": 588
        },
        "Walker.Policy.Beta.sum": {
            "value": 0.008415830837699999,
            "min": 0.004208427833633332,
            "max": 0.0089996034028,
            "count": 588
        },
        "Walker.IsTraining.mean": {
            "value": 1.0,
            "min": 1.0,
            "max": 1.0,
            "count": 588
        },
        "Walker.IsTraining.sum": {
            "value": 1.0,
            "min": 1.0,
            "max": 1.0,
            "count": 588
        }
    },
    "metadata": {
        "timer_format_version": "0.1.0",
        "start_time_seconds": "1685916972",
        "python_version": "3.9.13 (tags/v3.9.13:6de2ca5, May 17 2022, 16:36:42) [MSC v.1929 64 bit (AMD64)]",
        "command_line_arguments": "C:\\Users\\asaju\\Desktop\\MLAgents\\ml-agents\\venv\\Scripts\\mlagents-learn config/ppo/Walker.yaml --run-id=Obstacle0.2 --resume",
        "mlagents_version": "0.30.0",
        "mlagents_envs_version": "0.30.0",
        "communication_protocol_version": "1.5.0",
        "pytorch_version": "2.0.1+cu117",
        "numpy_version": "1.21.2",
        "end_time_seconds": "1685937177"
    },
    "total": 20203.9570267,
    "count": 1,
    "self": 0.0035147000016877428,
    "children": {
        "run_training.setup": {
            "total": 0.07343119999999992,
            "count": 1,
            "self": 0.07343119999999992
        },
        "TrainerController.start_learning": {
            "total": 20203.8800808,
            "count": 1,
            "self": 29.379851199566474,
            "children": {
                "TrainerController._reset_env": {
                    "total": 10.088514799999999,
                    "count": 1,
                    "self": 10.088514799999999
                },
                "TrainerController.advance": {
                    "total": 20164.248499200436,
                    "count": 2312871,
                    "self": 26.910329997597728,
                    "children": {
                        "env_step": {
                            "total": 17136.186653301254,
                            "count": 2312871,
                            "self": 12197.396387895416,
                            "children": {
                                "SubprocessEnvManager._take_step": {
                                    "total": 4920.19320140323,
                                    "count": 2312871,
                                    "self": 93.05686140213675,
                                    "children": {
                                        "TorchPolicy.evaluate": {
                                            "total": 4827.136340001093,
                                            "count": 2207402,
                                            "self": 4827.136340001093
                                        }
                                    }
                                },
                                "workers": {
                                    "total": 18.597064002609144,
                                    "count": 2312870,
                                    "self": 0.0,
                                    "children": {
                                        "worker_root": {
                                            "total": 20092.50408440014,
                                            "count": 2312870,
                                            "is_parallel": true,
                                            "self": 9459.159793400944,
                                            "children": {
                                                "steps_from_proto": {
                                                    "total": 0.00038999999999944635,
                                                    "count": 1,
                                                    "is_parallel": true,